{
  "popupsIntervalsBySession": {
    "1": [
      25
    ]
  },
  "timeBetweenRvAndInterBySession": {
    "1": 15
  },
  "gameTimeToFirstPopupBySession": {
    "1": 15
  },
  "sessionTimeToFirstPopupBySession": {
    "1": 15
  },
  "resetPopupTimerOnAppOpenBySession": {
    "1": false
  },
  "firstPopupAtSession": 1,
  "levelToFirstPopup": 0,
  "cacheAdsOnShow": false,
  "appOpenBackFromBackground": false,
  "byCountry": {
    "Default": {
      "popupsIntervalsBySession": {
        "1": [
          25
        ]
      },
      "timeBetweenRvAndInterBySession": {
        "1": 15
      },
      "gameTimeToFirstPopupBySession": {
        "1": 15
      },
      "sessionTimeToFirstPopupBySession": {
        "1": 15
      },
      "resetPopupTimerOnAppOpenBySession": {
        "1": false
      },
      "firstPopupAtSession": 1,
      "levelToFirstPopup": 0,
      "cacheAdsOnShow": false,
      "appOpenBackFromBackground": false
    }
  }
}